893,jonathan,Miércoles 25 de Diciembre de 2019,04:42:05 PM,Miércoles 25 de Diciembre de 2019,06:45:03 PM
894,jonathan,Lunes 06 de Enero de 2020,09:23:31 AM,DD-MM-AAAA,hh:mm:ss
895,Admin,Lunes 06 de Enero de 2020,09:40:57 AM,DD-MM-AAAA,hh:mm:ss
896,jonathan,Lunes 06 de Enero de 2020,10:52:35 AM,Lunes 06 de Enero de 2020,01:38:13 PM
897,mchelo,Lunes 06 de Enero de 2020,10:55:45 AM,DD-MM-AAAA,hh:mm:ss
898,Admin,Lunes 06 de Enero de 2020,12:26:15 PM,Lunes 06 de Enero de 2020,01:33:14 PM
899,jonathan,Martes 07 de Enero de 2020,09:47:35 AM,Martes 07 de Enero de 2020,02:08:29 PM
900,Admin,Martes 07 de Enero de 2020,10:18:52 AM,Martes 07 de Enero de 2020,12:02:48 PM
901,mchelo,Martes 07 de Enero de 2020,10:52:45 AM,DD-MM-AAAA,hh:mm:ss
902,jonathan,Miércoles 08 de Enero de 2020,09:08:47 AM,DD-MM-AAAA,hh:mm:ss
903,Admin,Miércoles 08 de Enero de 2020,09:29:05 AM,Miércoles 08 de Enero de 2020,01:19:20 PM
904,mchelo,Miércoles 08 de Enero de 2020,10:16:49 AM,DD-MM-AAAA,hh:mm:ss
905,Admin,Jueves 09 de Enero de 2020,09:24:08 AM,Jueves 09 de Enero de 2020,09:24:27 AM
906,jonathan,Jueves 09 de Enero de 2020,09:25:22 AM,DD-MM-AAAA,hh:mm:ss
907,Admin,Jueves 09 de Enero de 2020,09:54:45 AM,Jueves 09 de Enero de 2020,01:20:48 PM
908,mchelo,Jueves 09 de Enero de 2020,10:00:13 AM,DD-MM-AAAA,hh:mm:ss
909,jonathan,Jueves 09 de Enero de 2020,11:35:56 AM,Jueves 09 de Enero de 2020,01:42:02 PM
910,jonathan,Viernes 10 de Enero de 2020,09:28:42 AM,Viernes 10 de Enero de 2020,01:27:54 PM
911,Admin,Viernes 10 de Enero de 2020,09:46:24 AM,Viernes 10 de Enero de 2020,01:23:54 PM
912,mchelo,Viernes 10 de Enero de 2020,09:55:12 AM,DD-MM-AAAA,hh:mm:ss
913,jonathan,Viernes 10 de Enero de 2020,10:17:55 PM,Sábado 11 de Enero de 2020,01:15:48 AM
914,jonathan,Sábado 11 de Enero de 2020,07:34:24 PM,Domingo 12 de Enero de 2020,02:43:25 PM
915,jonathan,Domingo 12 de Enero de 2020,02:46:46 PM,Domingo 12 de Enero de 2020,03:32:25 PM
916,jonathan,Domingo 12 de Enero de 2020,03:32:51 PM,Domingo 12 de Enero de 2020,03:33:20 PM
917,jonathan,Domingo 12 de Enero de 2020,04:37:46 PM,Domingo 12 de Enero de 2020,04:49:28 PM
918,jonathan,Domingo 12 de Enero de 2020,04:52:34 PM,Domingo 12 de Enero de 2020,05:07:31 PM
919,jonathan,Lunes 13 de Enero de 2020,09:15:02 AM,Lunes 13 de Enero de 2020,01:06:05 PM
920,mchelo,Lunes 13 de Enero de 2020,09:39:39 AM,DD-MM-AAAA,hh:mm:ss
921,Admin,Lunes 13 de Enero de 2020,09:40:15 AM,Lunes 13 de Enero de 2020,01:02:26 PM
922,jonathan,Martes 14 de Enero de 2020,09:00:47 AM,Martes 14 de Enero de 2020,02:42:47 PM
923,mchelo,Martes 14 de Enero de 2020,09:18:47 AM,DD-MM-AAAA,hh:mm:ss
924,Admin,Martes 14 de Enero de 2020,09:27:08 AM,Martes 14 de Enero de 2020,02:39:41 PM
925,mchelo,Martes 14 de Enero de 2020,12:04:03 PM,DD-MM-AAAA,hh:mm:ss
926,jonathan,Miércoles 15 de Enero de 2020,09:36:58 AM,Miércoles 15 de Enero de 2020,02:09:35 PM
927,Admin,Miércoles 15 de Enero de 2020,09:38:24 AM,Miércoles 15 de Enero de 2020,01:40:53 PM
928,mchelo,Miércoles 15 de Enero de 2020,09:38:40 AM,DD-MM-AAAA,hh:mm:ss
929,mchelo,Miércoles 15 de Enero de 2020,12:15:19 PM,DD-MM-AAAA,hh:mm:ss
930,jonathan,Jueves 16 de Enero de 2020,09:15:39 AM,Jueves 16 de Enero de 2020,01:18:53 PM
931,mchelo,Jueves 16 de Enero de 2020,09:16:31 AM,DD-MM-AAAA,hh:mm:ss
932,Admin,Jueves 16 de Enero de 2020,09:48:57 AM,Jueves 16 de Enero de 2020,12:54:42 PM
933,mchelo,Jueves 16 de Enero de 2020,10:12:40 AM,DD-MM-AAAA,hh:mm:ss
934,jonathan,Viernes 17 de Enero de 2020,09:39:28 AM,Lunes 20 de Enero de 2020,02:12:07 PM
935,mchelo,Viernes 17 de Enero de 2020,09:40:51 AM,DD-MM-AAAA,hh:mm:ss
936,Admin,Viernes 17 de Enero de 2020,09:43:09 AM,DD-MM-AAAA,hh:mm:ss
937,Admin,Viernes 17 de Enero de 2020,11:07:06 AM,DD-MM-AAAA,hh:mm:ss
938,mchelo,Lunes 20 de Enero de 2020,09:11:00 AM,DD-MM-AAAA,hh:mm:ss
939,Admin,Lunes 20 de Enero de 2020,09:53:36 AM,Lunes 20 de Enero de 2020,02:07:03 PM
940,mchelo,Lunes 20 de Enero de 2020,10:28:26 AM,DD-MM-AAAA,hh:mm:ss
941,jonathan,Martes 21 de Enero de 2020,09:30:41 AM,Martes 21 de Enero de 2020,01:39:48 PM
942,Admin,Martes 21 de Enero de 2020,09:35:37 AM,Martes 21 de Enero de 2020,01:29:01 PM
943,mchelo,Martes 21 de Enero de 2020,09:52:42 AM,DD-MM-AAAA,hh:mm:ss
944,jonathan,Miércoles 22 de Enero de 2020,09:32:47 AM,Miércoles 22 de Enero de 2020,02:13:24 PM
945,mchelo,Miércoles 22 de Enero de 2020,09:38:46 AM,DD-MM-AAAA,hh:mm:ss
946,Admin,Miércoles 22 de Enero de 2020,09:44:53 AM,Miércoles 22 de Enero de 2020,02:18:51 PM
947,mchelo,Miércoles 22 de Enero de 2020,10:25:05 AM,DD-MM-AAAA,hh:mm:ss
948,jonathan,Jueves 23 de Enero de 2020,09:52:50 AM,DD-MM-AAAA,hh:mm:ss
949,Admin,Jueves 23 de Enero de 2020,10:05:40 AM,Jueves 23 de Enero de 2020,10:06:06 AM
950,jonathan,Jueves 23 de Enero de 2020,10:06:13 AM,Jueves 23 de Enero de 2020,02:17:08 PM
951,mchelo,Jueves 23 de Enero de 2020,10:07:22 AM,DD-MM-AAAA,hh:mm:ss
952,Admin,Jueves 23 de Enero de 2020,10:10:23 AM,DD-MM-AAAA,hh:mm:ss
953,jonathan,Viernes 24 de Enero de 2020,09:48:15 AM,Viernes 24 de Enero de 2020,01:27:02 PM
954,Admin,Viernes 24 de Enero de 2020,09:54:52 AM,Viernes 24 de Enero de 2020,01:22:36 PM
955,mchelo,Viernes 24 de Enero de 2020,09:56:46 AM,DD-MM-AAAA,hh:mm:ss
956,jonathan,Lunes 27 de Enero de 2020,09:44:06 AM,Lunes 27 de Enero de 2020,01:38:17 PM
957,mchelo,Lunes 27 de Enero de 2020,09:45:37 AM,DD-MM-AAAA,hh:mm:ss
958,Admin,Lunes 27 de Enero de 2020,10:15:53 AM,DD-MM-AAAA,hh:mm:ss
959,Admin,Lunes 27 de Enero de 2020,12:39:59 PM,Lunes 27 de Enero de 2020,01:28:20 PM
960,mchelo,Lunes 27 de Enero de 2020,12:56:20 PM,DD-MM-AAAA,hh:mm:ss
961,jonathan,Martes 28 de Enero de 2020,09:20:30 AM,Martes 28 de Enero de 2020,03:45:36 PM
962,mchelo,Martes 28 de Enero de 2020,09:36:38 AM,DD-MM-AAAA,hh:mm:ss
963,Admin,Martes 28 de Enero de 2020,10:08:02 AM,Martes 28 de Enero de 2020,03:32:40 PM
964,Admin,Miércoles 29 de Enero de 2020,09:24:37 AM,Miércoles 29 de Enero de 2020,09:39:12 AM
965,jonathan,Miércoles 29 de Enero de 2020,09:39:19 AM,Miércoles 29 de Enero de 2020,02:22:08 PM
966,jonathan,Jueves 30 de Enero de 2020,09:25:44 AM,DD-MM-AAAA,hh:mm:ss
967,Admin,Jueves 30 de Enero de 2020,10:17:18 AM,Jueves 30 de Enero de 2020,01:02:50 PM
968,mchelo,Jueves 30 de Enero de 2020,10:21:18 AM,DD-MM-AAAA,hh:mm:ss
969,mchelo,Jueves 30 de Enero de 2020,10:51:07 AM,DD-MM-AAAA,hh:mm:ss
970,Admin,Viernes 31 de Enero de 2020,09:28:13 AM,Viernes 31 de Enero de 2020,09:28:30 AM
971,mchelo,Viernes 31 de Enero de 2020,09:28:33 AM,DD-MM-AAAA,hh:mm:ss
972,jonathan,Viernes 31 de Enero de 2020,09:28:37 AM,Viernes 31 de Enero de 2020,02:42:19 PM
973,jonathan,Martes 04 de Febrero de 2020,09:22:55 AM,DD-MM-AAAA,hh:mm:ss
974,mchelo,Martes 04 de Febrero de 2020,09:24:40 AM,DD-MM-AAAA,hh:mm:ss
975,Admin,Martes 04 de Febrero de 2020,11:05:09 AM,Martes 04 de Febrero de 2020,01:18:30 PM
976,jonathan,Martes 04 de Febrero de 2020,12:59:21 PM,DD-MM-AAAA,hh:mm:ss
977,Admin,Miércoles 05 de Febrero de 2020,09:11:44 AM,Miércoles 05 de Febrero de 2020,09:12:34 AM
978,jonathan,Miércoles 05 de Febrero de 2020,09:12:43 AM,DD-MM-AAAA,hh:mm:ss
979,mchelo,Miércoles 05 de Febrero de 2020,09:13:45 AM,Miércoles 05 de Febrero de 2020,02:25:51 PM
980,Admin,Miércoles 05 de Febrero de 2020,12:02:57 PM,Miércoles 05 de Febrero de 2020,12:03:13 PM
981,jonathan,Miércoles 05 de Febrero de 2020,12:03:19 PM,DD-MM-AAAA,hh:mm:ss
982,Admin,Miércoles 05 de Febrero de 2020,12:36:37 PM,Miércoles 05 de Febrero de 2020,12:36:50 PM
983,jonathan,Miércoles 05 de Febrero de 2020,12:37:02 PM,Miércoles 05 de Febrero de 2020,02:33:43 PM
984,jonathan,Jueves 06 de Febrero de 2020,09:12:34 AM,DD-MM-AAAA,hh:mm:ss
985,mchelo,Jueves 06 de Febrero de 2020,09:23:36 AM,DD-MM-AAAA,hh:mm:ss
986,Admin,Jueves 06 de Febrero de 2020,10:38:38 AM,DD-MM-AAAA,hh:mm:ss
987,mchelo,Jueves 06 de Febrero de 2020,01:13:30 PM,DD-MM-AAAA,hh:mm:ss
988,Admin,Jueves 06 de Febrero de 2020,02:16:22 PM,Jueves 06 de Febrero de 2020,02:57:04 PM
989,jonathan,Viernes 07 de Febrero de 2020,09:10:04 AM,Viernes 07 de Febrero de 2020,02:43:40 PM
990,Admin,Viernes 07 de Febrero de 2020,09:45:15 AM,Viernes 07 de Febrero de 2020,02:19:57 PM
991,jonathan,Lunes 17 de Febrero de 2020,09:59:34 AM,Lunes 17 de Febrero de 2020,01:39:31 PM
992,mchelo,Lunes 17 de Febrero de 2020,11:14:57 AM,DD-MM-AAAA,hh:mm:ss
993,Admin,Lunes 17 de Febrero de 2020,12:56:45 PM,Lunes 17 de Febrero de 2020,01:01:11 PM
994,Admin,Lunes 17 de Febrero de 2020,01:01:18 PM,Lunes 17 de Febrero de 2020,01:28:46 PM
995,jonathan,Martes 18 de Febrero de 2020,09:05:57 AM,Martes 18 de Febrero de 2020,01:03:48 PM
996,Admin,Martes 18 de Febrero de 2020,09:06:14 AM,DD-MM-AAAA,hh:mm:ss
997,Admin,Martes 18 de Febrero de 2020,11:30:29 AM,Martes 18 de Febrero de 2020,12:59:39 PM
998,jonathan,Miércoles 19 de Febrero de 2020,09:24:47 AM,Miércoles 19 de Febrero de 2020,01:45:03 PM
999,mchelo,Miércoles 19 de Febrero de 2020,11:34:45 AM,DD-MM-AAAA,hh:mm:ss
1000,Admin,Miércoles 19 de Febrero de 2020,01:07:07 PM,Miércoles 19 de Febrero de 2020,01:31:33 PM
1001,jonathan,Jueves 20 de Febrero de 2020,08:16:46 AM,Jueves 20 de Febrero de 2020,09:04:20 AM
1002,jonathan,Jueves 20 de Febrero de 2020,09:28:16 AM,DD-MM-AAAA,hh:mm:ss
1003,Admin,Jueves 20 de Febrero de 2020,09:29:19 AM,Jueves 20 de Febrero de 2020,09:29:38 AM
1004,mchelo,Jueves 20 de Febrero de 2020,09:29:36 AM,DD-MM-AAAA,hh:mm:ss
1005,jonathan,Jueves 20 de Febrero de 2020,09:29:44 AM,Jueves 20 de Febrero de 2020,02:13:33 PM
1006,Admin,Jueves 20 de Febrero de 2020,09:36:43 AM,DD-MM-AAAA,hh:mm:ss
1007,jonathan,Viernes 21 de Febrero de 2020,09:26:24 AM,Viernes 21 de Febrero de 2020,02:08:51 PM
1008,Admin,Viernes 21 de Febrero de 2020,09:36:34 AM,Viernes 21 de Febrero de 2020,01:47:15 PM
1009,mchelo,Viernes 21 de Febrero de 2020,10:15:01 AM,DD-MM-AAAA,hh:mm:ss
1010,jonathan,Lunes 24 de Febrero de 2020,09:26:02 AM,DD-MM-AAAA,hh:mm:ss
1011,Admin,Lunes 24 de Febrero de 2020,10:16:38 AM,Lunes 24 de Febrero de 2020,12:55:40 PM
1012,mchelo,Lunes 24 de Febrero de 2020,11:26:24 AM,DD-MM-AAAA,hh:mm:ss
1013,Admin,Lunes 24 de Febrero de 2020,12:57:17 PM,DD-MM-AAAA,hh:mm:ss
1014,Admin,Martes 25 de Febrero de 2020,09:57:45 AM,Martes 25 de Febrero de 2020,01:09:18 PM
1015,mchelo,Martes 25 de Febrero de 2020,10:20:56 AM,DD-MM-AAAA,hh:mm:ss
1016,jonathan,Martes 25 de Febrero de 2020,11:24:54 AM,Martes 25 de Febrero de 2020,01:29:17 PM
1017,mchelo,Martes 25 de Febrero de 2020,12:41:53 PM,DD-MM-AAAA,hh:mm:ss
1018,jonathan,Miércoles 26 de Febrero de 2020,09:31:51 AM,Miércoles 26 de Febrero de 2020,01:37:59 PM
1019,Admin,Miércoles 26 de Febrero de 2020,09:38:06 AM,Miércoles 26 de Febrero de 2020,01:24:04 PM
1020,mchelo,Miércoles 26 de Febrero de 2020,09:41:22 AM,DD-MM-AAAA,hh:mm:ss
1021,jonathan,Jueves 27 de Febrero de 2020,09:38:46 AM,Jueves 27 de Febrero de 2020,01:46:17 PM
1022,mchelo,Jueves 27 de Febrero de 2020,09:56:35 AM,DD-MM-AAAA,hh:mm:ss
1023,Admin,Jueves 27 de Febrero de 2020,10:32:56 AM,Jueves 27 de Febrero de 2020,01:39:08 PM
1024,jonathan,Viernes 28 de Febrero de 2020,09:24:02 AM,DD-MM-AAAA,hh:mm:ss
1025,mchelo,Viernes 28 de Febrero de 2020,09:33:38 AM,DD-MM-AAAA,hh:mm:ss
1026,Admin,Viernes 28 de Febrero de 2020,09:54:43 AM,DD-MM-AAAA,hh:mm:ss
1027,jonathan,Viernes 28 de Febrero de 2020,10:44:37 AM,DD-MM-AAAA,hh:mm:ss
1028,Admin,Viernes 28 de Febrero de 2020,01:05:22 PM,Viernes 28 de Febrero de 2020,02:22:05 PM
1029,Admin,Lunes 02 de Marzo de 2020,09:58:58 AM,DD-MM-AAAA,hh:mm:ss
1030,mchelo,Lunes 02 de Marzo de 2020,10:05:05 AM,DD-MM-AAAA,hh:mm:ss
1031,gusangulomele89,Lunes 02 de Marzo de 2020,10:54:38 AM,DD-MM-AAAA,hh:mm:ss
1032,Admin,Lunes 02 de Marzo de 2020,02:06:06 PM,DD-MM-AAAA,hh:mm:ss
1033,jonathan,Martes 03 de Marzo de 2020,09:32:07 AM,Martes 03 de Marzo de 2020,01:43:09 PM
1034,Admin,Martes 03 de Marzo de 2020,09:39:25 AM,Martes 03 de Marzo de 2020,01:34:15 PM
1035,mchelo,Martes 03 de Marzo de 2020,09:42:05 AM,DD-MM-AAAA,hh:mm:ss
1036,jonathan,Miércoles 04 de Marzo de 2020,09:35:45 AM,Miércoles 04 de Marzo de 2020,02:37:44 PM
1037,mchelo,Miércoles 04 de Marzo de 2020,10:10:51 AM,DD-MM-AAAA,hh:mm:ss
1038,Admin,Miércoles 04 de Marzo de 2020,10:14:46 AM,Miércoles 04 de Marzo de 2020,02:23:50 PM
1039,jonathan,Jueves 05 de Marzo de 2020,09:25:45 AM,DD-MM-AAAA,hh:mm:ss
1040,Admin,Jueves 05 de Marzo de 2020,09:36:25 AM,Jueves 05 de Marzo de 2020,01:40:35 PM
1041,mchelo,Jueves 05 de Marzo de 2020,10:16:57 AM,DD-MM-AAAA,hh:mm:ss
1042,jonathan,Jueves 05 de Marzo de 2020,01:09:30 PM,Jueves 05 de Marzo de 2020,01:54:37 PM
1043,jonathan,Viernes 06 de Marzo de 2020,09:38:08 AM,DD-MM-AAAA,hh:mm:ss
1044,Admin,Viernes 06 de Marzo de 2020,09:41:05 AM,Viernes 06 de Marzo de 2020,01:24:01 PM
1045,jonathan,Viernes 06 de Marzo de 2020,11:39:25 AM,Viernes 06 de Marzo de 2020,01:28:47 PM
1046,jonathan,Lunes 09 de Marzo de 2020,09:07:55 AM,Lunes 09 de Marzo de 2020,01:11:51 PM
1047,mchelo,Lunes 09 de Marzo de 2020,09:13:52 AM,DD-MM-AAAA,hh:mm:ss
1048,Admin,Lunes 09 de Marzo de 2020,10:03:03 AM,DD-MM-AAAA,hh:mm:ss
1049,Admin,Lunes 09 de Marzo de 2020,12:07:07 PM,Lunes 09 de Marzo de 2020,01:11:45 PM
1050,jonathan,Martes 10 de Marzo de 2020,09:22:48 AM,DD-MM-AAAA,hh:mm:ss
1051,mchelo,Martes 10 de Marzo de 2020,09:27:27 AM,DD-MM-AAAA,hh:mm:ss
1052,Admin,Martes 10 de Marzo de 2020,09:32:27 AM,DD-MM-AAAA,hh:mm:ss
1053,jonathan,Martes 10 de Marzo de 2020,01:01:37 PM,Martes 10 de Marzo de 2020,01:46:23 PM
1054,Admin,Martes 10 de Marzo de 2020,01:26:17 PM,Martes 10 de Marzo de 2020,01:43:04 PM
1055,jonathan,Miércoles 11 de Marzo de 2020,09:26:18 AM,DD-MM-AAAA,hh:mm:ss
1056,Admin,Miércoles 11 de Marzo de 2020,09:35:10 AM,Miércoles 11 de Marzo de 2020,02:58:26 PM
1057,mchelo,Miércoles 11 de Marzo de 2020,11:23:13 AM,DD-MM-AAAA,hh:mm:ss
1058,jonathan,Miércoles 11 de Marzo de 2020,11:57:36 AM,DD-MM-AAAA,hh:mm:ss
1059,jonathan,Miércoles 11 de Marzo de 2020,02:39:07 PM,Jueves 12 de Marzo de 2020,02:11:20 PM
1060,Admin,Jueves 12 de Marzo de 2020,09:42:22 AM,Jueves 12 de Marzo de 2020,02:07:54 PM
1061,mchelo,Jueves 12 de Marzo de 2020,10:26:43 AM,DD-MM-AAAA,hh:mm:ss
1062,jonathan,Viernes 13 de Marzo de 2020,09:48:36 AM,DD-MM-AAAA,hh:mm:ss
1063,mchelo,Viernes 13 de Marzo de 2020,11:29:29 AM,DD-MM-AAAA,hh:mm:ss
1064,Admin,Viernes 13 de Marzo de 2020,11:37:42 AM,Viernes 13 de Marzo de 2020,01:50:49 PM
1065,jonathan,Viernes 13 de Marzo de 2020,01:35:39 PM,Viernes 13 de Marzo de 2020,02:20:04 PM
1066,jonathan,Martes 17 de Marzo de 2020,09:32:27 AM,DD-MM-AAAA,hh:mm:ss
1067,Admin,Martes 17 de Marzo de 2020,09:49:53 AM,Martes 17 de Marzo de 2020,11:38:12 AM
1068,mchelo,Martes 17 de Marzo de 2020,10:52:39 AM,DD-MM-AAAA,hh:mm:ss
1069,Admin,Martes 17 de Marzo de 2020,11:38:23 AM,Martes 17 de Marzo de 2020,01:28:28 PM
1070,jonathan,Martes 17 de Marzo de 2020,12:24:48 PM,Martes 17 de Marzo de 2020,01:28:07 PM
1071,Admin,Miércoles 18 de Marzo de 2020,09:42:28 AM,Miércoles 18 de Marzo de 2020,01:36:58 PM
1072,jonathan,Miércoles 18 de Marzo de 2020,09:46:43 AM,DD-MM-AAAA,hh:mm:ss
1073,jonathan,Miércoles 18 de Marzo de 2020,11:22:51 AM,Miércoles 18 de Marzo de 2020,01:55:36 PM
1074,mchelo,Miércoles 18 de Marzo de 2020,12:23:42 PM,DD-MM-AAAA,hh:mm:ss
1075,jonathan,Jueves 19 de Marzo de 2020,09:11:14 AM,Jueves 19 de Marzo de 2020,05:03:28 PM
1076,Admin,Jueves 19 de Marzo de 2020,09:34:51 AM,Jueves 19 de Marzo de 2020,04:20:07 PM
1077,mchelo,Jueves 19 de Marzo de 2020,10:49:06 AM,DD-MM-AAAA,hh:mm:ss
1078,Admin,Viernes 20 de Marzo de 2020,09:13:46 AM,DD-MM-AAAA,hh:mm:ss
1079,mchelo,Viernes 20 de Marzo de 2020,10:48:25 AM,DD-MM-AAAA,hh:mm:ss
1080,gusangulomele89,Sábado 28 de Marzo de 2020,06:07:05 PM,Sábado 28 de Marzo de 2020,06:32:51 PM
1081,gusangulomele89,Jueves 19 de Marzo de 2020,06:34:15 PM,DD-MM-AAAA,hh:mm:ss
1082,gusangulomele89,Martes 19 de Noviembre de 2019,07:01:31 PM,Lunes 30 de Marzo de 2020,10:06:44 PM
1083,gusangulomele89,Lunes 30 de Marzo de 2020,10:06:56 PM,Lunes 30 de Marzo de 2020,11:39:08 PM
1084,gusangulomele89,Lunes 30 de Marzo de 2020,11:39:52 PM,Domingo 29 de Marzo de 2020,11:57:25 AM
1085,gusangulomele89,Domingo 29 de Marzo de 2020,11:57:39 AM,DD-MM-AAAA,hh:mm:ss
1086,gusangulomele89,Domingo 29 de Marzo de 2020,03:07:35 PM,DD-MM-AAAA,hh:mm:ss
1087,gusangulomele89,Viernes 03 de Abril de 2020,06:57:53 PM,Viernes 03 de Abril de 2020,08:38:35 PM
1088,gusangulomele89,Viernes 03 de Abril de 2020,08:38:43 PM,DD-MM-AAAA,hh:mm:ss
1089,gusangulomele89,Domingo 05 de Abril de 2020,07:51:47 PM,DD-MM-AAAA,hh:mm:ss
1090,gusangulomele89,Jueves 09 de Abril de 2020,11:47:48 PM,Domingo 12 de Abril de 2020,09:34:35 PM
1091,gusangulomele89,Viernes 17 de Abril de 2020,12:04:12 AM,DD-MM-AAAA,hh:mm:ss
1092,gusangulomele89,Domingo 19 de Abril de 2020,05:43:22 PM,DD-MM-AAAA,hh:mm:ss
1093,gusangulomele89,Jueves 23 de Abril de 2020,06:00:06 PM,DD-MM-AAAA,hh:mm:ss
1094,gusangulomele89,Lunes 27 de Abril de 2020,05:45:38 PM,DD-MM-AAAA,hh:mm:ss
1095,gusangulomele89,Jueves 30 de Abril de 2020,11:23:48 PM,DD-MM-AAAA,hh:mm:ss
1096,gusangulomele89,MiÈrcoles 06 de Mayo de 2020,11:45:18 PM,Jueves 07 de Mayo de 2020,03:55:10 PM
1097,gusangulomele89,Viernes 08 de Mayo de 2020,04:59:23 AM,Sábado 09 de Mayo de 2020,05:18:59 AM
1098,gusangulomele89,Domingo 10 de Mayo de 2020,01:31:17 AM,Domingo 10 de Mayo de 2020,04:06:53 AM
1099,gusangulomele89,Martes 12 de Mayo de 2020,12:55:03 AM,Viernes 15 de Mayo de 2020,04:49:31 AM
1100,gusangulomele89,Viernes 15 de Mayo de 2020,05:29:17 PM,Sábado 16 de Mayo de 2020,01:51:23 AM
1101,gusangulomele89,S·bado 16 de Mayo de 2020,11:42:39 PM,Domingo 17 de Mayo de 2020,09:03:22 PM
1102,gusangulomele89,Viernes 22 de Mayo de 2020,08:25:44 PM,Sábado 23 de Mayo de 2020,06:31:06 AM
1103,gusangulomele89,Lunes 25 de Mayo de 2020,06:27:37 AM,Lunes 25 de Mayo de 2020,06:30:11 AM
1104,gusangulomele89,Lunes 25 de Mayo de 2020,06:31:37 AM,Lunes 25 de Mayo de 2020,06:32:51 AM
1105,Admin,Lunes 25 de Mayo de 2020,06:33:01 AM,Lunes 25 de Mayo de 2020,06:33:20 AM
1106,jonathan,Lunes 25 de Mayo de 2020,06:33:38 AM,Lunes 25 de Mayo de 2020,06:47:52 AM
1107,gusangulomele89,Viernes 12 de Junio de 2020,02:03:28 AM,DD-MM-AAAA,hh:mm:ss
1108,gusangulomele89,Lunes 15 de Junio de 2020,05:04:51 PM,DD-MM-AAAA,hh:mm:ss
1109,gusgus,Martes 23 de Junio de 2020,12:08:16 AM,Martes 23 de Junio de 2020,12:08:50 AM
1110,gusangulomele89,MiÈrcoles 24 de Junio de 2020,06:47:16 PM,Jueves 25 de Junio de 2020,07:53:24 AM
